,ann_vol,recent_vol,trend,slope
RELIANCE.NS,0.27362738040673074,0.28018324367434944,UP,0.0006910587797180965
HDFCBANK.NS,0.2518164163460544,0.288157431335947,UP,0.0006481724297263219
TATASTEEL.NS,0.3514738967187434,0.16057470226937648,UP,0.005866334297383589
APOLLOHOSP.NS,0.30581314004878923,0.17333347279501168,UP,0.00514549869037019
MARUTI.NS,0.280332332816758,0.3022281100790354,UP,0.0010436508191218731
